﻿<?xml version="1.0" encoding="utf-8" ?>
<configuration>
	<!-- This indicates the version of Sandcastle with which this installer is associated.-->
	<sandcastle version="v2018.12.10.0" />

	<!-- Define the installer pages.  Third-party build tool and component providers can add new pages that
			 they have created to install their own products as well. -->
	<pages>
		<!-- These are the pages used by the installer.  Their order here will determine their order in the
				 installation form.  If set, the assembly attribute is the assembly containing the given type.  If
				 not set, the given installer page type is assumed to be in the same assembly as the currently
				 executing installer. -->
		<page type="Sandcastle.Installer.InstallerPages.WelcomePage" />
		<page type="Sandcastle.Installer.InstallerPages.WhatsNewPage">
			<whatsNew url="http://EWSoftware.github.io/SHFB/html/680ad671-535d-4b53-a4c5-0286cbd71b82.htm"
				description="Sandcastle Help File Builder and Tools v2018.12.10.0 Release Notes" />
		</page>
		<page type="Sandcastle.Installer.InstallerPages.RequiredFrameworkPage" />
		<page type="Sandcastle.Installer.InstallerPages.HelpFileFormatsPage">
			<page type="Sandcastle.Installer.InstallerPages.Help1CompilerPage" />
		</page>

		<!-- Sandcastle Help File Builder and Tools installer pages -->
		<page type="Sandcastle.Installer.InstallerPages.SandcastleHelpFileBuilderPage"
			frameworkVersion="4.5" shfbVersion="2018.12.10.0" installerName="SandcastleHelpFileBuilder.msi"/>
		<page type="Sandcastle.Installer.InstallerPages.SHFBVisualStudioPackagePage"
			frameworkVersion="4.5" packageGuid="c997d569-ee8e-4947-a46f-9a0717ce39a0">
			<!-- These paths can be adjusted if you installed Visual Studio in a non-standard location.  They must
					 be in version order from earliest to most recent. -->
			<package name="SHFBVisualStudioPackage_VS2015AndLater.vsix" description="Visual Studio 2015;Visual Studio 2017;Visual Studio 2019">
				<visualStudio version="14.0" basePath="%VS140COMNTOOLS%\..\IDE" />
				<visualStudio version="15.0" basePath="%ProgramFiles(x86)%\Microsoft Visual Studio\2017\{0}\Common7\IDE"
					editionPaths="Community, Professional, Enterprise" />
				<visualStudio version="16.0" basePath="%ProgramFiles(x86)%\Microsoft Visual Studio\2019\{0}\Common7\IDE"
					editionPaths="Preview" />
			</package>
		</page>

		<page type="Sandcastle.Installer.InstallerPages.MamlIntelliSensePage">
			<!-- These paths can be adjusted if you installed Visual Studio in a non-standard location -->
			<visualStudio version="Visual Studio 2015" location="%VS140COMNTOOLS%\..\..\Xml\Schemas" />
			<visualStudio version="Visual Studio 2017 Community" location="%ProgramFiles(x86)%\Microsoft Visual Studio\2017\Community\Xml\Schemas" />
			<visualStudio version="Visual Studio 2017 Professional" location="%ProgramFiles(x86)%\Microsoft Visual Studio\2017\Professional\Xml\Schemas" />
			<visualStudio version="Visual Studio 2017 Enterprise" location="%ProgramFiles(x86)%\Microsoft Visual Studio\2017\Enterprise\Xml\Schemas" />
			<visualStudio version="Visual Studio 2019 Preview" location="%ProgramFiles(x86)%\Microsoft Visual Studio\2019\Preview\Xml\Schemas" />
		</page>
		<page type="Sandcastle.Installer.InstallerPages.MamlSnippetsPage">
			<!-- These paths can be adjusted if your snippets are in a non-standard location.  Typically they are
					 in the My Documents folder. -->
			<visualStudio version="Visual Studio 2015" location="Visual Studio 2015\Code Snippets\Xml\My Xml Snippets" />
			<visualStudio version="Visual Studio 2017" location="Visual Studio 2017\Code Snippets\Xml\My Xml Snippets" />
			<visualStudio version="Visual Studio 2019" location="Visual Studio 2019\Code Snippets\Xml\My Xml Snippets" />
		</page>

		<page type="Sandcastle.Installer.InstallerPages.VisualStudioSpellCheckerPage" />
		<page type="Sandcastle.Installer.InstallerPages.CompletionPage" />
	</pages>
</configuration>
